,c++,java,python
easy,0.13333333333333333,0.03333333333333333,0.03333333333333333
hard,0.0,0.0,0.0
