,c++,java,python
easy,0.0,0.03333333333333333,0.06666666666666667
hard,0.0,0.0,0.0
