,c++,java,python
easy,0.23333333333333334,0.16666666666666666,0.06666666666666667
hard,0.0,0.0,0.0
