,c++,java,python
easy,0.26666666666666666,0.06666666666666667,0.03333333333333333
hard,0.0,0.0,0.0
